name,original_name,cell,x_um,y_um,width_um,height_um,orient,row
Xeq_reduce_s0_0_nand4,Xeq_reduce_s0_0_nand4,gf180mcu_as_sc_mcu7t3v3__nand4_2,0.56,3.92,7.84,3.92,N,bottom_ctrl_0
Xeq_reduce_s0_4_nand4,Xeq_reduce_s0_4_nand4,gf180mcu_as_sc_mcu7t3v3__nand4_2,0.56,7.84,7.84,3.92,FS,bottom_ctrl_1
Xw0_grp0_nand3,Xw0_grp0_nand3,gf180mcu_as_sc_mcu7t3v3__nand3_2,0.56,11.76,6.16,3.92,N,bottom_ctrl_2
Xw0_grp1_nand3,Xw0_grp1_nand3,gf180mcu_as_sc_mcu7t3v3__nand3_2,0.56,15.68,6.16,3.92,FS,bottom_ctrl_3
Xw0_grp2_nand3,Xw0_grp2_nand3,gf180mcu_as_sc_mcu7t3v3__nand3_2,0.56,19.6,6.16,3.92,N,bottom_ctrl_4
Xw0_grp3_nand3,Xw0_grp3_nand3,gf180mcu_as_sc_mcu7t3v3__nand3_2,0.56,23.52,6.16,3.92,FS,bottom_ctrl_5
Xw0_grp4_nand3,Xw0_grp4_nand3,gf180mcu_as_sc_mcu7t3v3__nand3_2,0.56,27.439999999999998,6.16,3.92,N,bottom_ctrl_6
Xw0_grp5_nand3,Xw0_grp5_nand3,gf180mcu_as_sc_mcu7t3v3__nand3_2,0.56,31.36,6.16,3.92,FS,bottom_ctrl_7
Xw0_grp6_nand3,Xw0_grp6_nand3,gf180mcu_as_sc_mcu7t3v3__nand3_2,0.56,598.4399999999999,6.16,3.92,N,top_ctrl_0
Xw0_grp7_nand3,Xw0_grp7_nand3,gf180mcu_as_sc_mcu7t3v3__nand3_2,0.56,602.3599999999999,6.16,3.92,FS,top_ctrl_1
Xw0_pd2_0_nand3,Xw0_pd2_0_nand3,gf180mcu_as_sc_mcu7t3v3__nand3_2,0.56,606.28,6.16,3.92,N,top_ctrl_2
Xw0_pd2_1_nand3,Xw0_pd2_1_nand3,gf180mcu_as_sc_mcu7t3v3__nand3_2,0.56,610.1999999999999,6.16,3.92,FS,top_ctrl_3
Xw0_pd2_2_nand3,Xw0_pd2_2_nand3,gf180mcu_as_sc_mcu7t3v3__nand3_2,6.720000000000001,11.76,6.16,3.92,N,bottom_ctrl_2
Xw0_pd2_3_nand3,Xw0_pd2_3_nand3,gf180mcu_as_sc_mcu7t3v3__nand3_2,6.720000000000001,15.68,6.16,3.92,FS,bottom_ctrl_3
Xw0_pd2_4_nand3,Xw0_pd2_4_nand3,gf180mcu_as_sc_mcu7t3v3__nand3_2,6.720000000000001,19.6,6.16,3.92,N,bottom_ctrl_4
Xw0_pd2_5_nand3,Xw0_pd2_5_nand3,gf180mcu_as_sc_mcu7t3v3__nand3_2,6.720000000000001,23.52,6.16,3.92,FS,bottom_ctrl_5
Xw0_pd2_6_nand3,Xw0_pd2_6_nand3,gf180mcu_as_sc_mcu7t3v3__nand3_2,6.720000000000001,27.439999999999998,6.16,3.92,N,bottom_ctrl_6
Xw0_pd2_7_nand3,Xw0_pd2_7_nand3,gf180mcu_as_sc_mcu7t3v3__nand3_2,6.720000000000001,31.36,6.16,3.92,FS,bottom_ctrl_7
Xw1_grp0_nand3,Xw1_grp0_nand3,gf180mcu_as_sc_mcu7t3v3__nand3_2,6.720000000000001,598.4399999999999,6.16,3.92,N,top_ctrl_0
Xw1_grp1_nand3,Xw1_grp1_nand3,gf180mcu_as_sc_mcu7t3v3__nand3_2,6.720000000000001,602.3599999999999,6.16,3.92,FS,top_ctrl_1
Xw1_grp2_nand3,Xw1_grp2_nand3,gf180mcu_as_sc_mcu7t3v3__nand3_2,6.720000000000001,606.28,6.16,3.92,N,top_ctrl_2
Xw1_grp3_nand3,Xw1_grp3_nand3,gf180mcu_as_sc_mcu7t3v3__nand3_2,6.720000000000001,610.1999999999999,6.16,3.92,FS,top_ctrl_3
Xw1_grp4_nand3,Xw1_grp4_nand3,gf180mcu_as_sc_mcu7t3v3__nand3_2,8.4,3.92,6.16,3.92,N,bottom_ctrl_0
Xw1_grp5_nand3,Xw1_grp5_nand3,gf180mcu_as_sc_mcu7t3v3__nand3_2,8.4,7.84,6.16,3.92,FS,bottom_ctrl_1
Xw1_grp6_nand3,Xw1_grp6_nand3,gf180mcu_as_sc_mcu7t3v3__nand3_2,12.88,11.76,6.16,3.92,N,bottom_ctrl_2
Xw1_grp7_nand3,Xw1_grp7_nand3,gf180mcu_as_sc_mcu7t3v3__nand3_2,12.88,15.68,6.16,3.92,FS,bottom_ctrl_3
Xw1_pd2_0_nand3,Xw1_pd2_0_nand3,gf180mcu_as_sc_mcu7t3v3__nand3_2,12.88,19.6,6.16,3.92,N,bottom_ctrl_4
Xw1_pd2_1_nand3,Xw1_pd2_1_nand3,gf180mcu_as_sc_mcu7t3v3__nand3_2,12.88,23.52,6.16,3.92,FS,bottom_ctrl_5
Xw1_pd2_2_nand3,Xw1_pd2_2_nand3,gf180mcu_as_sc_mcu7t3v3__nand3_2,12.88,27.439999999999998,6.16,3.92,N,bottom_ctrl_6
Xw1_pd2_3_nand3,Xw1_pd2_3_nand3,gf180mcu_as_sc_mcu7t3v3__nand3_2,12.88,31.36,6.16,3.92,FS,bottom_ctrl_7
Xw1_pd2_4_nand3,Xw1_pd2_4_nand3,gf180mcu_as_sc_mcu7t3v3__nand3_2,12.88,598.4399999999999,6.16,3.92,N,top_ctrl_0
Xw1_pd2_5_nand3,Xw1_pd2_5_nand3,gf180mcu_as_sc_mcu7t3v3__nand3_2,12.88,602.3599999999999,6.16,3.92,FS,top_ctrl_1
Xw1_pd2_6_nand3,Xw1_pd2_6_nand3,gf180mcu_as_sc_mcu7t3v3__nand3_2,12.88,606.28,6.16,3.92,N,top_ctrl_2
Xw1_pd2_7_nand3,Xw1_pd2_7_nand3,gf180mcu_as_sc_mcu7t3v3__nand3_2,12.88,610.1999999999999,6.16,3.92,FS,top_ctrl_3
Xr0_grp0_nand3,Xr0_grp0_nand3,gf180mcu_as_sc_mcu7t3v3__nand3_2,14.56,3.92,6.16,3.92,N,bottom_ctrl_0
Xr0_grp1_nand3,Xr0_grp1_nand3,gf180mcu_as_sc_mcu7t3v3__nand3_2,14.56,7.84,6.16,3.92,FS,bottom_ctrl_1
Xr0_grp2_nand3,Xr0_grp2_nand3,gf180mcu_as_sc_mcu7t3v3__nand3_2,19.04,11.76,6.16,3.92,N,bottom_ctrl_2
Xr0_grp3_nand3,Xr0_grp3_nand3,gf180mcu_as_sc_mcu7t3v3__nand3_2,19.04,15.68,6.16,3.92,FS,bottom_ctrl_3
Xr0_grp4_nand3,Xr0_grp4_nand3,gf180mcu_as_sc_mcu7t3v3__nand3_2,19.04,19.6,6.16,3.92,N,bottom_ctrl_4
Xr0_grp5_nand3,Xr0_grp5_nand3,gf180mcu_as_sc_mcu7t3v3__nand3_2,19.04,23.52,6.16,3.92,FS,bottom_ctrl_5
Xr0_grp6_nand3,Xr0_grp6_nand3,gf180mcu_as_sc_mcu7t3v3__nand3_2,19.04,27.439999999999998,6.16,3.92,N,bottom_ctrl_6
Xr0_grp7_nand3,Xr0_grp7_nand3,gf180mcu_as_sc_mcu7t3v3__nand3_2,19.04,31.36,6.16,3.92,FS,bottom_ctrl_7
Xr0_pd2_0_nand3,Xr0_pd2_0_nand3,gf180mcu_as_sc_mcu7t3v3__nand3_2,19.04,598.4399999999999,6.16,3.92,N,top_ctrl_0
Xr0_pd2_1_nand3,Xr0_pd2_1_nand3,gf180mcu_as_sc_mcu7t3v3__nand3_2,19.04,602.3599999999999,6.16,3.92,FS,top_ctrl_1
Xr0_pd2_2_nand3,Xr0_pd2_2_nand3,gf180mcu_as_sc_mcu7t3v3__nand3_2,19.04,606.28,6.16,3.92,N,top_ctrl_2
Xr0_pd2_3_nand3,Xr0_pd2_3_nand3,gf180mcu_as_sc_mcu7t3v3__nand3_2,19.04,610.1999999999999,6.16,3.92,FS,top_ctrl_3
Xr0_pd2_4_nand3,Xr0_pd2_4_nand3,gf180mcu_as_sc_mcu7t3v3__nand3_2,20.72,3.92,6.16,3.92,N,bottom_ctrl_0
Xr0_pd2_5_nand3,Xr0_pd2_5_nand3,gf180mcu_as_sc_mcu7t3v3__nand3_2,20.72,7.84,6.16,3.92,FS,bottom_ctrl_1
Xr0_pd2_6_nand3,Xr0_pd2_6_nand3,gf180mcu_as_sc_mcu7t3v3__nand3_2,25.2,11.76,6.16,3.92,N,bottom_ctrl_2
Xr0_pd2_7_nand3,Xr0_pd2_7_nand3,gf180mcu_as_sc_mcu7t3v3__nand3_2,25.2,15.68,6.16,3.92,FS,bottom_ctrl_3
Xr1_grp0_nand3,Xr1_grp0_nand3,gf180mcu_as_sc_mcu7t3v3__nand3_2,25.2,19.6,6.16,3.92,N,bottom_ctrl_4
Xr1_grp1_nand3,Xr1_grp1_nand3,gf180mcu_as_sc_mcu7t3v3__nand3_2,25.2,23.52,6.16,3.92,FS,bottom_ctrl_5
Xr1_grp2_nand3,Xr1_grp2_nand3,gf180mcu_as_sc_mcu7t3v3__nand3_2,25.2,27.439999999999998,6.16,3.92,N,bottom_ctrl_6
Xr1_grp3_nand3,Xr1_grp3_nand3,gf180mcu_as_sc_mcu7t3v3__nand3_2,25.2,31.36,6.16,3.92,FS,bottom_ctrl_7
Xr1_grp4_nand3,Xr1_grp4_nand3,gf180mcu_as_sc_mcu7t3v3__nand3_2,25.2,598.4399999999999,6.16,3.92,N,top_ctrl_0
Xr1_grp5_nand3,Xr1_grp5_nand3,gf180mcu_as_sc_mcu7t3v3__nand3_2,25.2,602.3599999999999,6.16,3.92,FS,top_ctrl_1
Xr1_grp6_nand3,Xr1_grp6_nand3,gf180mcu_as_sc_mcu7t3v3__nand3_2,25.2,606.28,6.16,3.92,N,top_ctrl_2
Xr1_grp7_nand3,Xr1_grp7_nand3,gf180mcu_as_sc_mcu7t3v3__nand3_2,25.2,610.1999999999999,6.16,3.92,FS,top_ctrl_3
Xr1_pd2_0_nand3,Xr1_pd2_0_nand3,gf180mcu_as_sc_mcu7t3v3__nand3_2,26.88,3.92,6.16,3.92,N,bottom_ctrl_0
Xr1_pd2_1_nand3,Xr1_pd2_1_nand3,gf180mcu_as_sc_mcu7t3v3__nand3_2,26.88,7.84,6.16,3.92,FS,bottom_ctrl_1
Xr1_pd2_2_nand3,Xr1_pd2_2_nand3,gf180mcu_as_sc_mcu7t3v3__nand3_2,31.36,11.76,6.16,3.92,N,bottom_ctrl_2
Xr1_pd2_3_nand3,Xr1_pd2_3_nand3,gf180mcu_as_sc_mcu7t3v3__nand3_2,31.36,15.68,6.16,3.92,FS,bottom_ctrl_3
Xr1_pd2_4_nand3,Xr1_pd2_4_nand3,gf180mcu_as_sc_mcu7t3v3__nand3_2,31.36,19.6,6.16,3.92,N,bottom_ctrl_4
Xr1_pd2_5_nand3,Xr1_pd2_5_nand3,gf180mcu_as_sc_mcu7t3v3__nand3_2,31.36,23.52,6.16,3.92,FS,bottom_ctrl_5
Xr1_pd2_6_nand3,Xr1_pd2_6_nand3,gf180mcu_as_sc_mcu7t3v3__nand3_2,31.36,27.439999999999998,6.16,3.92,N,bottom_ctrl_6
Xr1_pd2_7_nand3,Xr1_pd2_7_nand3,gf180mcu_as_sc_mcu7t3v3__nand3_2,31.36,31.36,6.16,3.92,FS,bottom_ctrl_7
Xeq_reduce_s1_0_nand3,Xeq_reduce_s1_0_nand3,gf180mcu_as_sc_mcu7t3v3__nand3_2,31.36,598.4399999999999,6.16,3.92,N,top_ctrl_0
Xwrite_conflict_nand,Xwrite_conflict_nand,gf180mcu_as_sc_mcu7t3v3__nand3_2,31.36,602.3599999999999,6.16,3.92,FS,top_ctrl_1
Xw0_pd0_0_nand2,Xw0_pd0_0_nand2,gf180mcu_as_sc_mcu7t3v3__nand2_2,31.36,606.28,3.92,3.92,N,top_ctrl_2
Xw0_pd0_1_nand2,Xw0_pd0_1_nand2,gf180mcu_as_sc_mcu7t3v3__nand2_2,31.36,610.1999999999999,3.92,3.92,FS,top_ctrl_3
Xw0_pd0_2_nand2,Xw0_pd0_2_nand2,gf180mcu_as_sc_mcu7t3v3__nand2_2,33.040000000000006,3.92,3.92,3.92,N,bottom_ctrl_0
Xw0_pd0_3_nand2,Xw0_pd0_3_nand2,gf180mcu_as_sc_mcu7t3v3__nand2_2,33.040000000000006,7.84,3.92,3.92,FS,bottom_ctrl_1
Xw0_pd1_0_nand2,Xw0_pd1_0_nand2,gf180mcu_as_sc_mcu7t3v3__nand2_2,35.28,606.28,3.92,3.92,N,top_ctrl_2
Xw0_pd1_1_nand2,Xw0_pd1_1_nand2,gf180mcu_as_sc_mcu7t3v3__nand2_2,35.28,610.1999999999999,3.92,3.92,FS,top_ctrl_3
Xw0_pd1_2_nand2,Xw0_pd1_2_nand2,gf180mcu_as_sc_mcu7t3v3__nand2_2,36.96000000000001,3.92,3.92,3.92,N,bottom_ctrl_0
Xw0_pd1_3_nand2,Xw0_pd1_3_nand2,gf180mcu_as_sc_mcu7t3v3__nand2_2,36.96000000000001,7.84,3.92,3.92,FS,bottom_ctrl_1
Xw1_pd0_0_nand2,Xw1_pd0_0_nand2,gf180mcu_as_sc_mcu7t3v3__nand2_2,37.52,11.76,3.92,3.92,N,bottom_ctrl_2
Xw1_pd0_1_nand2,Xw1_pd0_1_nand2,gf180mcu_as_sc_mcu7t3v3__nand2_2,37.52,15.68,3.92,3.92,FS,bottom_ctrl_3
Xw1_pd0_2_nand2,Xw1_pd0_2_nand2,gf180mcu_as_sc_mcu7t3v3__nand2_2,37.52,19.6,3.92,3.92,N,bottom_ctrl_4
Xw1_pd0_3_nand2,Xw1_pd0_3_nand2,gf180mcu_as_sc_mcu7t3v3__nand2_2,37.52,23.52,3.92,3.92,FS,bottom_ctrl_5
Xw1_pd1_0_nand2,Xw1_pd1_0_nand2,gf180mcu_as_sc_mcu7t3v3__nand2_2,37.52,27.439999999999998,3.92,3.92,N,bottom_ctrl_6
Xw1_pd1_1_nand2,Xw1_pd1_1_nand2,gf180mcu_as_sc_mcu7t3v3__nand2_2,37.52,31.36,3.92,3.92,FS,bottom_ctrl_7
Xw1_pd1_2_nand2,Xw1_pd1_2_nand2,gf180mcu_as_sc_mcu7t3v3__nand2_2,37.52,598.4399999999999,3.92,3.92,N,top_ctrl_0
Xw1_pd1_3_nand2,Xw1_pd1_3_nand2,gf180mcu_as_sc_mcu7t3v3__nand2_2,37.52,602.3599999999999,3.92,3.92,FS,top_ctrl_1
Xr0_pd0_0_nand2,Xr0_pd0_0_nand2,gf180mcu_as_sc_mcu7t3v3__nand2_2,39.2,606.28,3.92,3.92,N,top_ctrl_2
Xr0_pd0_1_nand2,Xr0_pd0_1_nand2,gf180mcu_as_sc_mcu7t3v3__nand2_2,39.2,610.1999999999999,3.92,3.92,FS,top_ctrl_3
Xr0_pd0_2_nand2,Xr0_pd0_2_nand2,gf180mcu_as_sc_mcu7t3v3__nand2_2,40.88000000000001,3.92,3.92,3.92,N,bottom_ctrl_0
Xr0_pd0_3_nand2,Xr0_pd0_3_nand2,gf180mcu_as_sc_mcu7t3v3__nand2_2,40.88000000000001,7.84,3.92,3.92,FS,bottom_ctrl_1
Xr0_pd1_0_nand2,Xr0_pd1_0_nand2,gf180mcu_as_sc_mcu7t3v3__nand2_2,41.440000000000005,11.76,3.92,3.92,N,bottom_ctrl_2
Xr0_pd1_1_nand2,Xr0_pd1_1_nand2,gf180mcu_as_sc_mcu7t3v3__nand2_2,41.440000000000005,15.68,3.92,3.92,FS,bottom_ctrl_3
Xr0_pd1_2_nand2,Xr0_pd1_2_nand2,gf180mcu_as_sc_mcu7t3v3__nand2_2,41.440000000000005,19.6,3.92,3.92,N,bottom_ctrl_4
Xr0_pd1_3_nand2,Xr0_pd1_3_nand2,gf180mcu_as_sc_mcu7t3v3__nand2_2,41.440000000000005,23.52,3.92,3.92,FS,bottom_ctrl_5
Xr1_pd0_0_nand2,Xr1_pd0_0_nand2,gf180mcu_as_sc_mcu7t3v3__nand2_2,41.440000000000005,27.439999999999998,3.92,3.92,N,bottom_ctrl_6
Xr1_pd0_1_nand2,Xr1_pd0_1_nand2,gf180mcu_as_sc_mcu7t3v3__nand2_2,41.440000000000005,31.36,3.92,3.92,FS,bottom_ctrl_7
Xr1_pd0_2_nand2,Xr1_pd0_2_nand2,gf180mcu_as_sc_mcu7t3v3__nand2_2,41.440000000000005,598.4399999999999,3.92,3.92,N,top_ctrl_0
Xr1_pd0_3_nand2,Xr1_pd0_3_nand2,gf180mcu_as_sc_mcu7t3v3__nand2_2,41.440000000000005,602.3599999999999,3.92,3.92,FS,top_ctrl_1
Xr1_pd1_0_nand2,Xr1_pd1_0_nand2,gf180mcu_as_sc_mcu7t3v3__nand2_2,43.120000000000005,606.28,3.92,3.92,N,top_ctrl_2
Xr1_pd1_1_nand2,Xr1_pd1_1_nand2,gf180mcu_as_sc_mcu7t3v3__nand2_2,43.120000000000005,610.1999999999999,3.92,3.92,FS,top_ctrl_3
Xr1_pd1_2_nand2,Xr1_pd1_2_nand2,gf180mcu_as_sc_mcu7t3v3__nand2_2,44.80000000000001,3.92,3.92,3.92,N,bottom_ctrl_0
Xr1_pd1_3_nand2,Xr1_pd1_3_nand2,gf180mcu_as_sc_mcu7t3v3__nand2_2,44.80000000000001,7.84,3.92,3.92,FS,bottom_ctrl_1
Xeq_ab0_nand,Xeq_ab0_nand,gf180mcu_as_sc_mcu7t3v3__nand2_2,45.36000000000001,11.76,3.92,3.92,N,bottom_ctrl_2
Xeq_nanb0_nand,Xeq_nanb0_nand,gf180mcu_as_sc_mcu7t3v3__nand2_2,45.36000000000001,15.68,3.92,3.92,FS,bottom_ctrl_3
Xeq_or0_nor,Xeq_or0_nor,gf180mcu_as_sc_mcu7t3v3__nor2_2,45.36000000000001,19.6,3.92,3.92,N,bottom_ctrl_4
Xeq_ab1_nand,Xeq_ab1_nand,gf180mcu_as_sc_mcu7t3v3__nand2_2,45.36000000000001,23.52,3.92,3.92,FS,bottom_ctrl_5
Xeq_nanb1_nand,Xeq_nanb1_nand,gf180mcu_as_sc_mcu7t3v3__nand2_2,45.36000000000001,27.439999999999998,3.92,3.92,N,bottom_ctrl_6
Xeq_or1_nor,Xeq_or1_nor,gf180mcu_as_sc_mcu7t3v3__nor2_2,45.36000000000001,31.36,3.92,3.92,FS,bottom_ctrl_7
Xeq_ab2_nand,Xeq_ab2_nand,gf180mcu_as_sc_mcu7t3v3__nand2_2,45.36000000000001,598.4399999999999,3.92,3.92,N,top_ctrl_0
Xeq_nanb2_nand,Xeq_nanb2_nand,gf180mcu_as_sc_mcu7t3v3__nand2_2,45.36000000000001,602.3599999999999,3.92,3.92,FS,top_ctrl_1
Xeq_or2_nor,Xeq_or2_nor,gf180mcu_as_sc_mcu7t3v3__nor2_2,47.040000000000006,606.28,3.92,3.92,N,top_ctrl_2
Xeq_ab3_nand,Xeq_ab3_nand,gf180mcu_as_sc_mcu7t3v3__nand2_2,47.040000000000006,610.1999999999999,3.92,3.92,FS,top_ctrl_3
Xeq_nanb3_nand,Xeq_nanb3_nand,gf180mcu_as_sc_mcu7t3v3__nand2_2,48.72000000000001,3.92,3.92,3.92,N,bottom_ctrl_0
Xeq_or3_nor,Xeq_or3_nor,gf180mcu_as_sc_mcu7t3v3__nor2_2,48.72000000000001,7.84,3.92,3.92,FS,bottom_ctrl_1
Xeq_ab4_nand,Xeq_ab4_nand,gf180mcu_as_sc_mcu7t3v3__nand2_2,49.28000000000001,11.76,3.92,3.92,N,bottom_ctrl_2
Xeq_nanb4_nand,Xeq_nanb4_nand,gf180mcu_as_sc_mcu7t3v3__nand2_2,49.28000000000001,15.68,3.92,3.92,FS,bottom_ctrl_3
Xeq_or4_nor,Xeq_or4_nor,gf180mcu_as_sc_mcu7t3v3__nor2_2,49.28000000000001,19.6,3.92,3.92,N,bottom_ctrl_4
Xeq_ab5_nand,Xeq_ab5_nand,gf180mcu_as_sc_mcu7t3v3__nand2_2,49.28000000000001,23.52,3.92,3.92,FS,bottom_ctrl_5
Xeq_nanb5_nand,Xeq_nanb5_nand,gf180mcu_as_sc_mcu7t3v3__nand2_2,49.28000000000001,27.439999999999998,3.92,3.92,N,bottom_ctrl_6
Xeq_or5_nor,Xeq_or5_nor,gf180mcu_as_sc_mcu7t3v3__nor2_2,49.28000000000001,31.36,3.92,3.92,FS,bottom_ctrl_7
Xeq_ab6_nand,Xeq_ab6_nand,gf180mcu_as_sc_mcu7t3v3__nand2_2,49.28000000000001,598.4399999999999,3.92,3.92,N,top_ctrl_0
Xeq_nanb6_nand,Xeq_nanb6_nand,gf180mcu_as_sc_mcu7t3v3__nand2_2,49.28000000000001,602.3599999999999,3.92,3.92,FS,top_ctrl_1
Xeq_or6_nor,Xeq_or6_nor,gf180mcu_as_sc_mcu7t3v3__nor2_2,50.96000000000001,606.28,3.92,3.92,N,top_ctrl_2
Xeq_ab7_nand,Xeq_ab7_nand,gf180mcu_as_sc_mcu7t3v3__nand2_2,50.96000000000001,610.1999999999999,3.92,3.92,FS,top_ctrl_3
Xeq_nanb7_nand,Xeq_nanb7_nand,gf180mcu_as_sc_mcu7t3v3__nand2_2,52.640000000000015,3.92,3.92,3.92,N,bottom_ctrl_0
Xeq_or7_nor,Xeq_or7_nor,gf180mcu_as_sc_mcu7t3v3__nor2_2,52.640000000000015,7.84,3.92,3.92,FS,bottom_ctrl_1
Xeq_ab8_nand,Xeq_ab8_nand,gf180mcu_as_sc_mcu7t3v3__nand2_2,53.20000000000001,11.76,3.92,3.92,N,bottom_ctrl_2
Xeq_nanb8_nand,Xeq_nanb8_nand,gf180mcu_as_sc_mcu7t3v3__nand2_2,53.20000000000001,15.68,3.92,3.92,FS,bottom_ctrl_3
Xeq_or8_nor,Xeq_or8_nor,gf180mcu_as_sc_mcu7t3v3__nor2_2,53.20000000000001,19.6,3.92,3.92,N,bottom_ctrl_4
Xeq_ab9_nand,Xeq_ab9_nand,gf180mcu_as_sc_mcu7t3v3__nand2_2,53.20000000000001,23.52,3.92,3.92,FS,bottom_ctrl_5
Xeq_nanb9_nand,Xeq_nanb9_nand,gf180mcu_as_sc_mcu7t3v3__nand2_2,53.20000000000001,27.439999999999998,3.92,3.92,N,bottom_ctrl_6
Xeq_or9_nor,Xeq_or9_nor,gf180mcu_as_sc_mcu7t3v3__nor2_2,53.20000000000001,31.36,3.92,3.92,FS,bottom_ctrl_7
Xeq_reduce_s0_8_nand2,Xeq_reduce_s0_8_nand2,gf180mcu_as_sc_mcu7t3v3__nand2_2,53.20000000000001,598.4399999999999,3.92,3.92,N,top_ctrl_0
Xw0_a0_inv,Xw0_a0_inv,gf180mcu_as_sc_mcu7t3v3__inv_2,53.20000000000001,602.3599999999999,2.24,3.92,FS,top_ctrl_1
Xw0_a1_inv,Xw0_a1_inv,gf180mcu_as_sc_mcu7t3v3__inv_2,54.88000000000001,606.28,2.24,3.92,N,top_ctrl_2
Xw0_a2_inv,Xw0_a2_inv,gf180mcu_as_sc_mcu7t3v3__inv_2,54.88000000000001,610.1999999999999,2.24,3.92,FS,top_ctrl_3
Xw0_a3_inv,Xw0_a3_inv,gf180mcu_as_sc_mcu7t3v3__inv_2,55.44000000000001,602.3599999999999,2.24,3.92,FS,top_ctrl_1
Xw0_a4_inv,Xw0_a4_inv,gf180mcu_as_sc_mcu7t3v3__inv_2,56.56000000000002,3.92,2.24,3.92,N,bottom_ctrl_0
Xw0_a5_inv,Xw0_a5_inv,gf180mcu_as_sc_mcu7t3v3__inv_2,56.56000000000002,7.84,2.24,3.92,FS,bottom_ctrl_1
Xw0_a6_inv,Xw0_a6_inv,gf180mcu_as_sc_mcu7t3v3__inv_2,57.12000000000001,11.76,2.24,3.92,N,bottom_ctrl_2
Xw0_a7_inv,Xw0_a7_inv,gf180mcu_as_sc_mcu7t3v3__inv_2,57.12000000000001,15.68,2.24,3.92,FS,bottom_ctrl_3
Xw0_a8_inv,Xw0_a8_inv,gf180mcu_as_sc_mcu7t3v3__inv_2,57.12000000000001,19.6,2.24,3.92,N,bottom_ctrl_4
Xw0_a9_inv,Xw0_a9_inv,gf180mcu_as_sc_mcu7t3v3__inv_2,57.12000000000001,23.52,2.24,3.92,FS,bottom_ctrl_5
Xw0_grp0_inv,Xw0_grp0_inv,gf180mcu_as_sc_mcu7t3v3__inv_2,57.12000000000001,27.439999999999998,2.24,3.92,N,bottom_ctrl_6
Xw0_grp1_inv,Xw0_grp1_inv,gf180mcu_as_sc_mcu7t3v3__inv_2,57.12000000000001,31.36,2.24,3.92,FS,bottom_ctrl_7
Xw0_grp2_inv,Xw0_grp2_inv,gf180mcu_as_sc_mcu7t3v3__inv_2,57.12000000000001,598.4399999999999,2.24,3.92,N,top_ctrl_0
Xw0_grp3_inv,Xw0_grp3_inv,gf180mcu_as_sc_mcu7t3v3__inv_2,57.12000000000001,606.28,2.24,3.92,N,top_ctrl_2
Xw0_grp4_inv,Xw0_grp4_inv,gf180mcu_as_sc_mcu7t3v3__inv_2,57.12000000000001,610.1999999999999,2.24,3.92,FS,top_ctrl_3
Xw0_grp5_inv,Xw0_grp5_inv,gf180mcu_as_sc_mcu7t3v3__inv_2,57.680000000000014,602.3599999999999,2.24,3.92,FS,top_ctrl_1
Xw0_grp6_inv,Xw0_grp6_inv,gf180mcu_as_sc_mcu7t3v3__inv_2,58.80000000000002,3.92,2.24,3.92,N,bottom_ctrl_0
Xw0_grp7_inv,Xw0_grp7_inv,gf180mcu_as_sc_mcu7t3v3__inv_2,58.80000000000002,7.84,2.24,3.92,FS,bottom_ctrl_1
Xw0_pd0_0_inv,Xw0_pd0_0_inv,gf180mcu_as_sc_mcu7t3v3__inv_2,59.360000000000014,11.76,2.24,3.92,N,bottom_ctrl_2
Xw0_pd0_1_inv,Xw0_pd0_1_inv,gf180mcu_as_sc_mcu7t3v3__inv_2,59.360000000000014,15.68,2.24,3.92,FS,bottom_ctrl_3
Xw0_pd0_2_inv,Xw0_pd0_2_inv,gf180mcu_as_sc_mcu7t3v3__inv_2,59.360000000000014,19.6,2.24,3.92,N,bottom_ctrl_4
Xw0_pd0_3_inv,Xw0_pd0_3_inv,gf180mcu_as_sc_mcu7t3v3__inv_2,59.360000000000014,23.52,2.24,3.92,FS,bottom_ctrl_5
Xw0_pd1_0_inv,Xw0_pd1_0_inv,gf180mcu_as_sc_mcu7t3v3__inv_2,59.360000000000014,27.439999999999998,2.24,3.92,N,bottom_ctrl_6
Xw0_pd1_1_inv,Xw0_pd1_1_inv,gf180mcu_as_sc_mcu7t3v3__inv_2,59.360000000000014,31.36,2.24,3.92,FS,bottom_ctrl_7
Xw0_pd1_2_inv,Xw0_pd1_2_inv,gf180mcu_as_sc_mcu7t3v3__inv_2,59.360000000000014,598.4399999999999,2.24,3.92,N,top_ctrl_0
Xw0_pd1_3_inv,Xw0_pd1_3_inv,gf180mcu_as_sc_mcu7t3v3__inv_2,59.360000000000014,606.28,2.24,3.92,N,top_ctrl_2
Xw0_pd2_0_inv,Xw0_pd2_0_inv,gf180mcu_as_sc_mcu7t3v3__inv_2,59.360000000000014,610.1999999999999,2.24,3.92,FS,top_ctrl_3
Xw0_pd2_1_inv,Xw0_pd2_1_inv,gf180mcu_as_sc_mcu7t3v3__inv_2,59.920000000000016,602.3599999999999,2.24,3.92,FS,top_ctrl_1
Xw0_pd2_2_inv,Xw0_pd2_2_inv,gf180mcu_as_sc_mcu7t3v3__inv_2,61.04000000000002,3.92,2.24,3.92,N,bottom_ctrl_0
Xw0_pd2_3_inv,Xw0_pd2_3_inv,gf180mcu_as_sc_mcu7t3v3__inv_2,61.04000000000002,7.84,2.24,3.92,FS,bottom_ctrl_1
Xw0_pd2_4_inv,Xw0_pd2_4_inv,gf180mcu_as_sc_mcu7t3v3__inv_2,61.600000000000016,11.76,2.24,3.92,N,bottom_ctrl_2
Xw0_pd2_5_inv,Xw0_pd2_5_inv,gf180mcu_as_sc_mcu7t3v3__inv_2,61.600000000000016,15.68,2.24,3.92,FS,bottom_ctrl_3
Xw0_pd2_6_inv,Xw0_pd2_6_inv,gf180mcu_as_sc_mcu7t3v3__inv_2,61.600000000000016,19.6,2.24,3.92,N,bottom_ctrl_4
Xw0_pd2_7_inv,Xw0_pd2_7_inv,gf180mcu_as_sc_mcu7t3v3__inv_2,61.600000000000016,23.52,2.24,3.92,FS,bottom_ctrl_5
Xw1_a0_inv,Xw1_a0_inv,gf180mcu_as_sc_mcu7t3v3__inv_2,61.600000000000016,27.439999999999998,2.24,3.92,N,bottom_ctrl_6
Xw1_a1_inv,Xw1_a1_inv,gf180mcu_as_sc_mcu7t3v3__inv_2,61.600000000000016,31.36,2.24,3.92,FS,bottom_ctrl_7
Xw1_a2_inv,Xw1_a2_inv,gf180mcu_as_sc_mcu7t3v3__inv_2,61.600000000000016,598.4399999999999,2.24,3.92,N,top_ctrl_0
Xw1_a3_inv,Xw1_a3_inv,gf180mcu_as_sc_mcu7t3v3__inv_2,61.600000000000016,606.28,2.24,3.92,N,top_ctrl_2
Xw1_a4_inv,Xw1_a4_inv,gf180mcu_as_sc_mcu7t3v3__inv_2,61.600000000000016,610.1999999999999,2.24,3.92,FS,top_ctrl_3
Xw1_a5_inv,Xw1_a5_inv,gf180mcu_as_sc_mcu7t3v3__inv_2,62.16000000000002,602.3599999999999,2.24,3.92,FS,top_ctrl_1
Xw1_a6_inv,Xw1_a6_inv,gf180mcu_as_sc_mcu7t3v3__inv_2,63.28000000000002,3.92,2.24,3.92,N,bottom_ctrl_0
Xw1_a7_inv,Xw1_a7_inv,gf180mcu_as_sc_mcu7t3v3__inv_2,63.28000000000002,7.84,2.24,3.92,FS,bottom_ctrl_1
Xw1_a8_inv,Xw1_a8_inv,gf180mcu_as_sc_mcu7t3v3__inv_2,63.84000000000002,11.76,2.24,3.92,N,bottom_ctrl_2
Xw1_a9_inv,Xw1_a9_inv,gf180mcu_as_sc_mcu7t3v3__inv_2,63.84000000000002,15.68,2.24,3.92,FS,bottom_ctrl_3
Xw1_grp0_inv,Xw1_grp0_inv,gf180mcu_as_sc_mcu7t3v3__inv_2,63.84000000000002,19.6,2.24,3.92,N,bottom_ctrl_4
Xw1_grp1_inv,Xw1_grp1_inv,gf180mcu_as_sc_mcu7t3v3__inv_2,63.84000000000002,23.52,2.24,3.92,FS,bottom_ctrl_5
Xw1_grp2_inv,Xw1_grp2_inv,gf180mcu_as_sc_mcu7t3v3__inv_2,63.84000000000002,27.439999999999998,2.24,3.92,N,bottom_ctrl_6
Xw1_grp3_inv,Xw1_grp3_inv,gf180mcu_as_sc_mcu7t3v3__inv_2,63.84000000000002,31.36,2.24,3.92,FS,bottom_ctrl_7
Xw1_grp4_inv,Xw1_grp4_inv,gf180mcu_as_sc_mcu7t3v3__inv_2,63.84000000000002,598.4399999999999,2.24,3.92,N,top_ctrl_0
Xw1_grp5_inv,Xw1_grp5_inv,gf180mcu_as_sc_mcu7t3v3__inv_2,63.84000000000002,606.28,2.24,3.92,N,top_ctrl_2
Xw1_grp6_inv,Xw1_grp6_inv,gf180mcu_as_sc_mcu7t3v3__inv_2,63.84000000000002,610.1999999999999,2.24,3.92,FS,top_ctrl_3
Xw1_grp7_inv,Xw1_grp7_inv,gf180mcu_as_sc_mcu7t3v3__inv_2,64.40000000000002,602.3599999999999,2.24,3.92,FS,top_ctrl_1
Xw1_pd0_0_inv,Xw1_pd0_0_inv,gf180mcu_as_sc_mcu7t3v3__inv_2,65.52000000000002,3.92,2.24,3.92,N,bottom_ctrl_0
Xw1_pd0_1_inv,Xw1_pd0_1_inv,gf180mcu_as_sc_mcu7t3v3__inv_2,65.52000000000002,7.84,2.24,3.92,FS,bottom_ctrl_1
Xw1_pd0_2_inv,Xw1_pd0_2_inv,gf180mcu_as_sc_mcu7t3v3__inv_2,66.08000000000001,11.76,2.24,3.92,N,bottom_ctrl_2
Xw1_pd0_3_inv,Xw1_pd0_3_inv,gf180mcu_as_sc_mcu7t3v3__inv_2,66.08000000000001,15.68,2.24,3.92,FS,bottom_ctrl_3
Xw1_pd1_0_inv,Xw1_pd1_0_inv,gf180mcu_as_sc_mcu7t3v3__inv_2,66.08000000000001,19.6,2.24,3.92,N,bottom_ctrl_4
Xw1_pd1_1_inv,Xw1_pd1_1_inv,gf180mcu_as_sc_mcu7t3v3__inv_2,66.08000000000001,23.52,2.24,3.92,FS,bottom_ctrl_5
Xw1_pd1_2_inv,Xw1_pd1_2_inv,gf180mcu_as_sc_mcu7t3v3__inv_2,66.08000000000001,27.439999999999998,2.24,3.92,N,bottom_ctrl_6
Xw1_pd1_3_inv,Xw1_pd1_3_inv,gf180mcu_as_sc_mcu7t3v3__inv_2,66.08000000000001,31.36,2.24,3.92,FS,bottom_ctrl_7
Xw1_pd2_0_inv,Xw1_pd2_0_inv,gf180mcu_as_sc_mcu7t3v3__inv_2,66.08000000000001,598.4399999999999,2.24,3.92,N,top_ctrl_0
Xw1_pd2_1_inv,Xw1_pd2_1_inv,gf180mcu_as_sc_mcu7t3v3__inv_2,66.08000000000001,606.28,2.24,3.92,N,top_ctrl_2
Xw1_pd2_2_inv,Xw1_pd2_2_inv,gf180mcu_as_sc_mcu7t3v3__inv_2,66.08000000000001,610.1999999999999,2.24,3.92,FS,top_ctrl_3
Xw1_pd2_3_inv,Xw1_pd2_3_inv,gf180mcu_as_sc_mcu7t3v3__inv_2,66.64000000000001,602.3599999999999,2.24,3.92,FS,top_ctrl_1
Xw1_pd2_4_inv,Xw1_pd2_4_inv,gf180mcu_as_sc_mcu7t3v3__inv_2,67.76000000000002,3.92,2.24,3.92,N,bottom_ctrl_0
Xw1_pd2_5_inv,Xw1_pd2_5_inv,gf180mcu_as_sc_mcu7t3v3__inv_2,67.76000000000002,7.84,2.24,3.92,FS,bottom_ctrl_1
Xw1_pd2_6_inv,Xw1_pd2_6_inv,gf180mcu_as_sc_mcu7t3v3__inv_2,68.32000000000001,11.76,2.24,3.92,N,bottom_ctrl_2
Xw1_pd2_7_inv,Xw1_pd2_7_inv,gf180mcu_as_sc_mcu7t3v3__inv_2,68.32000000000001,15.68,2.24,3.92,FS,bottom_ctrl_3
Xr0_a0_inv,Xr0_a0_inv,gf180mcu_as_sc_mcu7t3v3__inv_2,68.32000000000001,19.6,2.24,3.92,N,bottom_ctrl_4
Xr0_a1_inv,Xr0_a1_inv,gf180mcu_as_sc_mcu7t3v3__inv_2,68.32000000000001,23.52,2.24,3.92,FS,bottom_ctrl_5
Xr0_a2_inv,Xr0_a2_inv,gf180mcu_as_sc_mcu7t3v3__inv_2,68.32000000000001,27.439999999999998,2.24,3.92,N,bottom_ctrl_6
Xr0_a3_inv,Xr0_a3_inv,gf180mcu_as_sc_mcu7t3v3__inv_2,68.32000000000001,31.36,2.24,3.92,FS,bottom_ctrl_7
Xr0_a4_inv,Xr0_a4_inv,gf180mcu_as_sc_mcu7t3v3__inv_2,68.32000000000001,598.4399999999999,2.24,3.92,N,top_ctrl_0
Xr0_a5_inv,Xr0_a5_inv,gf180mcu_as_sc_mcu7t3v3__inv_2,68.32000000000001,606.28,2.24,3.92,N,top_ctrl_2
Xr0_a6_inv,Xr0_a6_inv,gf180mcu_as_sc_mcu7t3v3__inv_2,68.32000000000001,610.1999999999999,2.24,3.92,FS,top_ctrl_3
Xr0_a7_inv,Xr0_a7_inv,gf180mcu_as_sc_mcu7t3v3__inv_2,68.88000000000001,602.3599999999999,2.24,3.92,FS,top_ctrl_1
Xr0_a8_inv,Xr0_a8_inv,gf180mcu_as_sc_mcu7t3v3__inv_2,70.00000000000001,3.92,2.24,3.92,N,bottom_ctrl_0
Xr0_a9_inv,Xr0_a9_inv,gf180mcu_as_sc_mcu7t3v3__inv_2,70.00000000000001,7.84,2.24,3.92,FS,bottom_ctrl_1
Xr0_grp0_inv,Xr0_grp0_inv,gf180mcu_as_sc_mcu7t3v3__inv_2,70.56,11.76,2.24,3.92,N,bottom_ctrl_2
Xr0_grp1_inv,Xr0_grp1_inv,gf180mcu_as_sc_mcu7t3v3__inv_2,70.56,15.68,2.24,3.92,FS,bottom_ctrl_3
Xr0_grp2_inv,Xr0_grp2_inv,gf180mcu_as_sc_mcu7t3v3__inv_2,70.56,19.6,2.24,3.92,N,bottom_ctrl_4
Xr0_grp3_inv,Xr0_grp3_inv,gf180mcu_as_sc_mcu7t3v3__inv_2,70.56,23.52,2.24,3.92,FS,bottom_ctrl_5
Xr0_grp4_inv,Xr0_grp4_inv,gf180mcu_as_sc_mcu7t3v3__inv_2,70.56,27.439999999999998,2.24,3.92,N,bottom_ctrl_6
Xr0_grp5_inv,Xr0_grp5_inv,gf180mcu_as_sc_mcu7t3v3__inv_2,70.56,31.36,2.24,3.92,FS,bottom_ctrl_7
Xr0_grp6_inv,Xr0_grp6_inv,gf180mcu_as_sc_mcu7t3v3__inv_2,70.56,598.4399999999999,2.24,3.92,N,top_ctrl_0
Xr0_grp7_inv,Xr0_grp7_inv,gf180mcu_as_sc_mcu7t3v3__inv_2,70.56,606.28,2.24,3.92,N,top_ctrl_2
Xr0_pd0_0_inv,Xr0_pd0_0_inv,gf180mcu_as_sc_mcu7t3v3__inv_2,70.56,610.1999999999999,2.24,3.92,FS,top_ctrl_3
Xr0_pd0_1_inv,Xr0_pd0_1_inv,gf180mcu_as_sc_mcu7t3v3__inv_2,71.12,602.3599999999999,2.24,3.92,FS,top_ctrl_1
Xr0_pd0_2_inv,Xr0_pd0_2_inv,gf180mcu_as_sc_mcu7t3v3__inv_2,72.24000000000001,3.92,2.24,3.92,N,bottom_ctrl_0
Xr0_pd0_3_inv,Xr0_pd0_3_inv,gf180mcu_as_sc_mcu7t3v3__inv_2,72.24000000000001,7.84,2.24,3.92,FS,bottom_ctrl_1
Xr0_pd1_0_inv,Xr0_pd1_0_inv,gf180mcu_as_sc_mcu7t3v3__inv_2,72.8,11.76,2.24,3.92,N,bottom_ctrl_2
Xr0_pd1_1_inv,Xr0_pd1_1_inv,gf180mcu_as_sc_mcu7t3v3__inv_2,72.8,15.68,2.24,3.92,FS,bottom_ctrl_3
Xr0_pd1_2_inv,Xr0_pd1_2_inv,gf180mcu_as_sc_mcu7t3v3__inv_2,72.8,19.6,2.24,3.92,N,bottom_ctrl_4
Xr0_pd1_3_inv,Xr0_pd1_3_inv,gf180mcu_as_sc_mcu7t3v3__inv_2,72.8,23.52,2.24,3.92,FS,bottom_ctrl_5
Xr0_pd2_0_inv,Xr0_pd2_0_inv,gf180mcu_as_sc_mcu7t3v3__inv_2,72.8,27.439999999999998,2.24,3.92,N,bottom_ctrl_6
Xr0_pd2_1_inv,Xr0_pd2_1_inv,gf180mcu_as_sc_mcu7t3v3__inv_2,72.8,31.36,2.24,3.92,FS,bottom_ctrl_7
Xr0_pd2_2_inv,Xr0_pd2_2_inv,gf180mcu_as_sc_mcu7t3v3__inv_2,72.8,598.4399999999999,2.24,3.92,N,top_ctrl_0
Xr0_pd2_3_inv,Xr0_pd2_3_inv,gf180mcu_as_sc_mcu7t3v3__inv_2,72.8,606.28,2.24,3.92,N,top_ctrl_2
Xr0_pd2_4_inv,Xr0_pd2_4_inv,gf180mcu_as_sc_mcu7t3v3__inv_2,72.8,610.1999999999999,2.24,3.92,FS,top_ctrl_3
Xr0_pd2_5_inv,Xr0_pd2_5_inv,gf180mcu_as_sc_mcu7t3v3__inv_2,73.36,602.3599999999999,2.24,3.92,FS,top_ctrl_1
Xr0_pd2_6_inv,Xr0_pd2_6_inv,gf180mcu_as_sc_mcu7t3v3__inv_2,74.48,3.92,2.24,3.92,N,bottom_ctrl_0
Xr0_pd2_7_inv,Xr0_pd2_7_inv,gf180mcu_as_sc_mcu7t3v3__inv_2,74.48,7.84,2.24,3.92,FS,bottom_ctrl_1
Xr1_a0_inv,Xr1_a0_inv,gf180mcu_as_sc_mcu7t3v3__inv_2,75.03999999999999,11.76,2.24,3.92,N,bottom_ctrl_2
Xr1_a1_inv,Xr1_a1_inv,gf180mcu_as_sc_mcu7t3v3__inv_2,75.03999999999999,15.68,2.24,3.92,FS,bottom_ctrl_3
Xr1_a2_inv,Xr1_a2_inv,gf180mcu_as_sc_mcu7t3v3__inv_2,75.03999999999999,19.6,2.24,3.92,N,bottom_ctrl_4
Xr1_a3_inv,Xr1_a3_inv,gf180mcu_as_sc_mcu7t3v3__inv_2,75.03999999999999,23.52,2.24,3.92,FS,bottom_ctrl_5
Xr1_a4_inv,Xr1_a4_inv,gf180mcu_as_sc_mcu7t3v3__inv_2,75.03999999999999,27.439999999999998,2.24,3.92,N,bottom_ctrl_6
Xr1_a5_inv,Xr1_a5_inv,gf180mcu_as_sc_mcu7t3v3__inv_2,75.03999999999999,31.36,2.24,3.92,FS,bottom_ctrl_7
Xr1_a6_inv,Xr1_a6_inv,gf180mcu_as_sc_mcu7t3v3__inv_2,75.03999999999999,598.4399999999999,2.24,3.92,N,top_ctrl_0
Xr1_a7_inv,Xr1_a7_inv,gf180mcu_as_sc_mcu7t3v3__inv_2,75.03999999999999,606.28,2.24,3.92,N,top_ctrl_2
Xr1_a8_inv,Xr1_a8_inv,gf180mcu_as_sc_mcu7t3v3__inv_2,75.03999999999999,610.1999999999999,2.24,3.92,FS,top_ctrl_3
Xr1_a9_inv,Xr1_a9_inv,gf180mcu_as_sc_mcu7t3v3__inv_2,75.6,602.3599999999999,2.24,3.92,FS,top_ctrl_1
Xr1_grp0_inv,Xr1_grp0_inv,gf180mcu_as_sc_mcu7t3v3__inv_2,76.72,3.92,2.24,3.92,N,bottom_ctrl_0
Xr1_grp1_inv,Xr1_grp1_inv,gf180mcu_as_sc_mcu7t3v3__inv_2,76.72,7.84,2.24,3.92,FS,bottom_ctrl_1
Xr1_grp2_inv,Xr1_grp2_inv,gf180mcu_as_sc_mcu7t3v3__inv_2,77.27999999999999,11.76,2.24,3.92,N,bottom_ctrl_2
Xr1_grp3_inv,Xr1_grp3_inv,gf180mcu_as_sc_mcu7t3v3__inv_2,77.27999999999999,15.68,2.24,3.92,FS,bottom_ctrl_3
Xr1_grp4_inv,Xr1_grp4_inv,gf180mcu_as_sc_mcu7t3v3__inv_2,77.27999999999999,19.6,2.24,3.92,N,bottom_ctrl_4
Xr1_grp5_inv,Xr1_grp5_inv,gf180mcu_as_sc_mcu7t3v3__inv_2,77.27999999999999,23.52,2.24,3.92,FS,bottom_ctrl_5
Xr1_grp6_inv,Xr1_grp6_inv,gf180mcu_as_sc_mcu7t3v3__inv_2,77.27999999999999,27.439999999999998,2.24,3.92,N,bottom_ctrl_6
Xr1_grp7_inv,Xr1_grp7_inv,gf180mcu_as_sc_mcu7t3v3__inv_2,77.27999999999999,31.36,2.24,3.92,FS,bottom_ctrl_7
Xr1_pd0_0_inv,Xr1_pd0_0_inv,gf180mcu_as_sc_mcu7t3v3__inv_2,77.27999999999999,598.4399999999999,2.24,3.92,N,top_ctrl_0
Xr1_pd0_1_inv,Xr1_pd0_1_inv,gf180mcu_as_sc_mcu7t3v3__inv_2,77.27999999999999,606.28,2.24,3.92,N,top_ctrl_2
Xr1_pd0_2_inv,Xr1_pd0_2_inv,gf180mcu_as_sc_mcu7t3v3__inv_2,77.27999999999999,610.1999999999999,2.24,3.92,FS,top_ctrl_3
Xr1_pd0_3_inv,Xr1_pd0_3_inv,gf180mcu_as_sc_mcu7t3v3__inv_2,77.83999999999999,602.3599999999999,2.24,3.92,FS,top_ctrl_1
Xr1_pd1_0_inv,Xr1_pd1_0_inv,gf180mcu_as_sc_mcu7t3v3__inv_2,78.96,3.92,2.24,3.92,N,bottom_ctrl_0
Xr1_pd1_1_inv,Xr1_pd1_1_inv,gf180mcu_as_sc_mcu7t3v3__inv_2,78.96,7.84,2.24,3.92,FS,bottom_ctrl_1
Xr1_pd1_2_inv,Xr1_pd1_2_inv,gf180mcu_as_sc_mcu7t3v3__inv_2,79.51999999999998,11.76,2.24,3.92,N,bottom_ctrl_2
Xr1_pd1_3_inv,Xr1_pd1_3_inv,gf180mcu_as_sc_mcu7t3v3__inv_2,79.51999999999998,15.68,2.24,3.92,FS,bottom_ctrl_3
Xr1_pd2_0_inv,Xr1_pd2_0_inv,gf180mcu_as_sc_mcu7t3v3__inv_2,79.51999999999998,19.6,2.24,3.92,N,bottom_ctrl_4
Xr1_pd2_1_inv,Xr1_pd2_1_inv,gf180mcu_as_sc_mcu7t3v3__inv_2,79.51999999999998,23.52,2.24,3.92,FS,bottom_ctrl_5
Xr1_pd2_2_inv,Xr1_pd2_2_inv,gf180mcu_as_sc_mcu7t3v3__inv_2,79.51999999999998,27.439999999999998,2.24,3.92,N,bottom_ctrl_6
Xr1_pd2_3_inv,Xr1_pd2_3_inv,gf180mcu_as_sc_mcu7t3v3__inv_2,79.51999999999998,31.36,2.24,3.92,FS,bottom_ctrl_7
Xr1_pd2_4_inv,Xr1_pd2_4_inv,gf180mcu_as_sc_mcu7t3v3__inv_2,79.51999999999998,598.4399999999999,2.24,3.92,N,top_ctrl_0
Xr1_pd2_5_inv,Xr1_pd2_5_inv,gf180mcu_as_sc_mcu7t3v3__inv_2,79.51999999999998,606.28,2.24,3.92,N,top_ctrl_2
Xr1_pd2_6_inv,Xr1_pd2_6_inv,gf180mcu_as_sc_mcu7t3v3__inv_2,79.51999999999998,610.1999999999999,2.24,3.92,FS,top_ctrl_3
Xr1_pd2_7_inv,Xr1_pd2_7_inv,gf180mcu_as_sc_mcu7t3v3__inv_2,80.07999999999998,602.3599999999999,2.24,3.92,FS,top_ctrl_1
Xeq_a0_inv,Xeq_a0_inv,gf180mcu_as_sc_mcu7t3v3__inv_2,81.19999999999999,3.92,2.24,3.92,N,bottom_ctrl_0
Xeq_b0_inv,Xeq_b0_inv,gf180mcu_as_sc_mcu7t3v3__inv_2,81.19999999999999,7.84,2.24,3.92,FS,bottom_ctrl_1
Xeq_ab0_inv,Xeq_ab0_inv,gf180mcu_as_sc_mcu7t3v3__inv_2,81.75999999999998,11.76,2.24,3.92,N,bottom_ctrl_2
Xeq_nanb0_inv,Xeq_nanb0_inv,gf180mcu_as_sc_mcu7t3v3__inv_2,81.75999999999998,15.68,2.24,3.92,FS,bottom_ctrl_3
Xeq_xnor0_inv,Xeq_xnor0_inv,gf180mcu_as_sc_mcu7t3v3__inv_2,81.75999999999998,19.6,2.24,3.92,N,bottom_ctrl_4
Xeq_a1_inv,Xeq_a1_inv,gf180mcu_as_sc_mcu7t3v3__inv_2,81.75999999999998,23.52,2.24,3.92,FS,bottom_ctrl_5
Xeq_b1_inv,Xeq_b1_inv,gf180mcu_as_sc_mcu7t3v3__inv_2,81.75999999999998,27.439999999999998,2.24,3.92,N,bottom_ctrl_6
Xeq_ab1_inv,Xeq_ab1_inv,gf180mcu_as_sc_mcu7t3v3__inv_2,81.75999999999998,31.36,2.24,3.92,FS,bottom_ctrl_7
Xeq_nanb1_inv,Xeq_nanb1_inv,gf180mcu_as_sc_mcu7t3v3__inv_2,81.75999999999998,598.4399999999999,2.24,3.92,N,top_ctrl_0
Xeq_xnor1_inv,Xeq_xnor1_inv,gf180mcu_as_sc_mcu7t3v3__inv_2,81.75999999999998,606.28,2.24,3.92,N,top_ctrl_2
Xeq_a2_inv,Xeq_a2_inv,gf180mcu_as_sc_mcu7t3v3__inv_2,81.75999999999998,610.1999999999999,2.24,3.92,FS,top_ctrl_3
Xeq_b2_inv,Xeq_b2_inv,gf180mcu_as_sc_mcu7t3v3__inv_2,82.31999999999998,602.3599999999999,2.24,3.92,FS,top_ctrl_1
Xeq_ab2_inv,Xeq_ab2_inv,gf180mcu_as_sc_mcu7t3v3__inv_2,83.43999999999998,3.92,2.24,3.92,N,bottom_ctrl_0
Xeq_nanb2_inv,Xeq_nanb2_inv,gf180mcu_as_sc_mcu7t3v3__inv_2,83.43999999999998,7.84,2.24,3.92,FS,bottom_ctrl_1
Xeq_xnor2_inv,Xeq_xnor2_inv,gf180mcu_as_sc_mcu7t3v3__inv_2,83.99999999999997,11.76,2.24,3.92,N,bottom_ctrl_2
Xeq_a3_inv,Xeq_a3_inv,gf180mcu_as_sc_mcu7t3v3__inv_2,83.99999999999997,15.68,2.24,3.92,FS,bottom_ctrl_3
Xeq_b3_inv,Xeq_b3_inv,gf180mcu_as_sc_mcu7t3v3__inv_2,83.99999999999997,19.6,2.24,3.92,N,bottom_ctrl_4
Xeq_ab3_inv,Xeq_ab3_inv,gf180mcu_as_sc_mcu7t3v3__inv_2,83.99999999999997,23.52,2.24,3.92,FS,bottom_ctrl_5
Xeq_nanb3_inv,Xeq_nanb3_inv,gf180mcu_as_sc_mcu7t3v3__inv_2,83.99999999999997,27.439999999999998,2.24,3.92,N,bottom_ctrl_6
Xeq_xnor3_inv,Xeq_xnor3_inv,gf180mcu_as_sc_mcu7t3v3__inv_2,83.99999999999997,31.36,2.24,3.92,FS,bottom_ctrl_7
Xeq_a4_inv,Xeq_a4_inv,gf180mcu_as_sc_mcu7t3v3__inv_2,83.99999999999997,598.4399999999999,2.24,3.92,N,top_ctrl_0
Xeq_b4_inv,Xeq_b4_inv,gf180mcu_as_sc_mcu7t3v3__inv_2,83.99999999999997,606.28,2.24,3.92,N,top_ctrl_2
Xeq_ab4_inv,Xeq_ab4_inv,gf180mcu_as_sc_mcu7t3v3__inv_2,83.99999999999997,610.1999999999999,2.24,3.92,FS,top_ctrl_3
Xeq_nanb4_inv,Xeq_nanb4_inv,gf180mcu_as_sc_mcu7t3v3__inv_2,84.55999999999997,602.3599999999999,2.24,3.92,FS,top_ctrl_1
Xeq_xnor4_inv,Xeq_xnor4_inv,gf180mcu_as_sc_mcu7t3v3__inv_2,85.67999999999998,3.92,2.24,3.92,N,bottom_ctrl_0
Xeq_a5_inv,Xeq_a5_inv,gf180mcu_as_sc_mcu7t3v3__inv_2,85.67999999999998,7.84,2.24,3.92,FS,bottom_ctrl_1
Xeq_b5_inv,Xeq_b5_inv,gf180mcu_as_sc_mcu7t3v3__inv_2,86.23999999999997,11.76,2.24,3.92,N,bottom_ctrl_2
Xeq_ab5_inv,Xeq_ab5_inv,gf180mcu_as_sc_mcu7t3v3__inv_2,86.23999999999997,15.68,2.24,3.92,FS,bottom_ctrl_3
Xeq_nanb5_inv,Xeq_nanb5_inv,gf180mcu_as_sc_mcu7t3v3__inv_2,86.23999999999997,19.6,2.24,3.92,N,bottom_ctrl_4
Xeq_xnor5_inv,Xeq_xnor5_inv,gf180mcu_as_sc_mcu7t3v3__inv_2,86.23999999999997,23.52,2.24,3.92,FS,bottom_ctrl_5
Xeq_a6_inv,Xeq_a6_inv,gf180mcu_as_sc_mcu7t3v3__inv_2,86.23999999999997,27.439999999999998,2.24,3.92,N,bottom_ctrl_6
Xeq_b6_inv,Xeq_b6_inv,gf180mcu_as_sc_mcu7t3v3__inv_2,86.23999999999997,31.36,2.24,3.92,FS,bottom_ctrl_7
Xeq_ab6_inv,Xeq_ab6_inv,gf180mcu_as_sc_mcu7t3v3__inv_2,86.23999999999997,598.4399999999999,2.24,3.92,N,top_ctrl_0
Xeq_nanb6_inv,Xeq_nanb6_inv,gf180mcu_as_sc_mcu7t3v3__inv_2,86.23999999999997,606.28,2.24,3.92,N,top_ctrl_2
Xeq_xnor6_inv,Xeq_xnor6_inv,gf180mcu_as_sc_mcu7t3v3__inv_2,86.23999999999997,610.1999999999999,2.24,3.92,FS,top_ctrl_3
Xeq_a7_inv,Xeq_a7_inv,gf180mcu_as_sc_mcu7t3v3__inv_2,86.79999999999997,602.3599999999999,2.24,3.92,FS,top_ctrl_1
Xeq_b7_inv,Xeq_b7_inv,gf180mcu_as_sc_mcu7t3v3__inv_2,87.91999999999997,3.92,2.24,3.92,N,bottom_ctrl_0
Xeq_ab7_inv,Xeq_ab7_inv,gf180mcu_as_sc_mcu7t3v3__inv_2,87.91999999999997,7.84,2.24,3.92,FS,bottom_ctrl_1
Xeq_nanb7_inv,Xeq_nanb7_inv,gf180mcu_as_sc_mcu7t3v3__inv_2,88.47999999999996,11.76,2.24,3.92,N,bottom_ctrl_2
Xeq_xnor7_inv,Xeq_xnor7_inv,gf180mcu_as_sc_mcu7t3v3__inv_2,88.47999999999996,15.68,2.24,3.92,FS,bottom_ctrl_3
Xeq_a8_inv,Xeq_a8_inv,gf180mcu_as_sc_mcu7t3v3__inv_2,88.47999999999996,19.6,2.24,3.92,N,bottom_ctrl_4
Xeq_b8_inv,Xeq_b8_inv,gf180mcu_as_sc_mcu7t3v3__inv_2,88.47999999999996,23.52,2.24,3.92,FS,bottom_ctrl_5
Xeq_ab8_inv,Xeq_ab8_inv,gf180mcu_as_sc_mcu7t3v3__inv_2,88.47999999999996,27.439999999999998,2.24,3.92,N,bottom_ctrl_6
Xeq_nanb8_inv,Xeq_nanb8_inv,gf180mcu_as_sc_mcu7t3v3__inv_2,88.47999999999996,31.36,2.24,3.92,FS,bottom_ctrl_7
Xeq_xnor8_inv,Xeq_xnor8_inv,gf180mcu_as_sc_mcu7t3v3__inv_2,88.47999999999996,598.4399999999999,2.24,3.92,N,top_ctrl_0
Xeq_a9_inv,Xeq_a9_inv,gf180mcu_as_sc_mcu7t3v3__inv_2,88.47999999999996,606.28,2.24,3.92,N,top_ctrl_2
Xeq_b9_inv,Xeq_b9_inv,gf180mcu_as_sc_mcu7t3v3__inv_2,88.47999999999996,610.1999999999999,2.24,3.92,FS,top_ctrl_3
Xeq_ab9_inv,Xeq_ab9_inv,gf180mcu_as_sc_mcu7t3v3__inv_2,89.03999999999996,602.3599999999999,2.24,3.92,FS,top_ctrl_1
Xeq_nanb9_inv,Xeq_nanb9_inv,gf180mcu_as_sc_mcu7t3v3__inv_2,90.15999999999997,3.92,2.24,3.92,N,bottom_ctrl_0
Xeq_xnor9_inv,Xeq_xnor9_inv,gf180mcu_as_sc_mcu7t3v3__inv_2,90.15999999999997,7.84,2.24,3.92,FS,bottom_ctrl_1
Xeq_reduce_s0_0_inv,Xeq_reduce_s0_0_inv,gf180mcu_as_sc_mcu7t3v3__inv_2,90.71999999999996,11.76,2.24,3.92,N,bottom_ctrl_2
Xeq_reduce_s0_4_inv,Xeq_reduce_s0_4_inv,gf180mcu_as_sc_mcu7t3v3__inv_2,90.71999999999996,15.68,2.24,3.92,FS,bottom_ctrl_3
Xeq_reduce_s0_8_inv,Xeq_reduce_s0_8_inv,gf180mcu_as_sc_mcu7t3v3__inv_2,90.71999999999996,19.6,2.24,3.92,N,bottom_ctrl_4
Xeq_reduce_s1_0_inv,Xeq_reduce_s1_0_inv,gf180mcu_as_sc_mcu7t3v3__inv_2,90.71999999999996,23.52,2.24,3.92,FS,bottom_ctrl_5
Xwrite_conflict_inv,Xwrite_conflict_inv,gf180mcu_as_sc_mcu7t3v3__inv_2,90.71999999999996,27.439999999999998,2.24,3.92,N,bottom_ctrl_6
